source,target
na,Alex
Shawn,Honson
Helen,Honson
Serena,Honson
Yechaun,Honson
Sarah,Honson
Yasmene,Honson
Sarvin,Honson
Shawn,Ava
Helen,Ava
Serena,Ava
Yechaun,Ava
Sarah,Ava
Yasmene,Ava
Sarvin,Ava
Shawn,Maru
Helen,Maru
Serena,Maru
Yechaun,Maru
Sarah,Maru
Yasmene,Maru
Sarvin,Maru
Shawn,Ben
Helen,Ben
Serena,Ben
Yechaun,Ben
Sarah,Ben
Yasmene,Ben
Sarvin,Ben
Shawn,Leah
Helen,Leah
Serena,Leah
Yechaun,Leah
Sarah,Leah
Yasmene,Leah
Sarvin,Leah
Shawn,Michael
Helen,Michael
Serena,Michael
Yechaun,Michael
Sarah,Michael
Yasmene,Michael
Sarvin,Michael
na,Lexi
Yasmene,Selena
Yasmene,Adnan
Sarvin,Adnan
na,Thuy
na,Allen
na,Nava
na,Maryam
na,Hannah
Shawn,Tom
Shawn,Marilyn
Shawn,John
Helen,John
Serena,John
Yechaun,John
Sarah,John
Yasmene,John
Sarvin,John
Sarah,Caitlin
Sarah,Kaela
Serena,Lauren
na,Dan
na,Cali
Sarvin,Davii
Shawn,Davii
Yasmene,Davii
Helen,Davii
Sarah,Davii
Yechaun,Davii
Sarah,Claire
Sarah,Noah
Yasmene,Ann(e)
Yasmene,Arya
Sarvin,Arya
Sarah,Kara
Sarah,Madi
na,Steven
Yechaun,Juandiego
Sarah,Em
Sarah,Emma
Yechaun,Emma
Sarah,Martha
Yechaun,Martha
Serena,Jessica
Helen,Jessica
na,Heather
Serena,Grace
Sarah,Grace
Shawn,Carter
Helen,Carter
Serena,Carter
Yechaun,Carter
Sarah,Carter
Yasmene,Carter
Sarvin,Carter
Dana,Carter
Sarvin,Isha
Kartik,Isha